x1,x2,out
482.35337362305,432.8790575303456,-956.9182316234766
482.35337362305,432.8790575203456,-956.9182316234746
482.35337363305,432.8790575203456,-956.9182316234723
482.35214205993145,432.87785568403496,-956.9182313596738
482.35214204993144,432.87785568403496,-956.9182313596599
482.35214204993144,432.87785569403496,-956.9182313596507
482.34806802895895,432.87424928159527,-956.9182211720148
482.34806801895894,432.87424928159527,-956.9182211717689
482.34806801895894,432.8742492915953,-956.9182211715413
482.35435690916944,432.8835215055284,-956.9179352373963
482.35435689916943,432.8835215055284,-956.9179352357069
482.35435689916943,432.8835215155284,-956.917935234005
482.4147162499906,432.94891688318876,-956.9156178558615
482.4147162399906,432.94891688318876,-956.915617851791
482.4147162399906,432.94891689318877,-956.9156178474684
482.486461912548,433.0201685003622,-956.9130533461243
482.486461902548,433.0201685003622,-956.9130533423844
482.486461902548,433.0201685103622,-956.9130533381228
482.53136254739314,433.06244647934665,-956.9113114581869
482.53136253739314,433.06244647934665,-956.9113114557825
482.53136253739314,433.06244648934666,-956.911311452694
482.55230212299733,433.08081734128956,-956.9104423907421
482.5523021129973,433.08081734128956,-956.9104423896151
482.5523021129973,433.08081735128957,-956.910442387732
482.56004324836175,433.0868443350546,-956.9101000390874
482.56004323836174,433.0868443350546,-956.9101000388044
482.56004323836174,433.0868443450546,-956.9101000377404
482.56329701063834,433.0887905005872,-956.9099423661683
482.56329702063834,433.0887905005872,-956.9099423658115
482.56329701063834,433.0887905105872,-956.9099423657351
482.56398542128005,433.08897234923944,-956.9099036627367
482.56398542128005,433.08897235923945,-956.9099036625494
482.56398543128006,433.08897234923944,-956.9099036621333
482.5684007841736,433.0853275869297,-956.9081268612764
482.5684007841736,433.08532757692967,-956.9081268575484
482.5684007841736,433.08532757692967,-956.9081268575484
482.5684007941736,433.08532757692967,-956.9081268530322
481.94076569331287,432.5131963978439,-956.8372342886564
483.0266577999987,433.5355420664051,-956.8288833004738
482.33199561944343,432.77344771004505,-956.7473250597193
483.4256700931303,433.93552461138074,-956.700045510765
483.1757606615628,433.7590543223147,-956.6969180366318
481.7908291248028,432.22278982480907,-956.635112499207
483.1757606615628,433.77703309408184,-956.6334163094599
483.63280643390135,434.1651500427896,-956.6070451176608
482.9059716347799,433.53067128196835,-956.6024474483595
481.64807155345045,432.06443297986937,-956.5200447139471
481.3169791659112,431.94141118455616,-956.4993707998116
481.7908291248028,432.19330477326207,-956.4799235631858
483.5603321721436,434.1735476266581,-956.4266748050982
482.4588693575421,432.835724428675,-956.3948089352057
480.7877071163135,431.37814318195535,-956.3788250401424
482.1911546052411,432.87222509393825,-956.3111770974745
483.27904573910916,433.6418952747023,-956.1667850675648
484.3490944520337,434.792511971904,-956.0473025897702
484.467885256159,434.920176727,-955.9863463967824
484.467885256159,434.920176727,-955.9863463967824
482.21916996922425,432.5425057925686,-955.9475611441571
484.3490944520337,434.72822816707867,-955.731286845557
481.0584204629822,431.7805115301277,-955.6883015226712
484.94557056137444,435.47743926760313,-955.6502002931106
479.99544201293145,430.6298606120354,-955.642096939721
479.856063303504,430.46528503669833,-955.6239542062577
484.990993149381,435.44765468359765,-955.5409514547307
480.42375159687197,430.7859663096649,-955.5085885232783
485.1733273187242,435.72755134052966,-955.3833686632488
484.2233144699412,434.5400317200465,-955.3316853729661
485.00989509152646,435.4153332823021,-955.3254359095542
479.5275304346395,429.9690010415718,-955.1854759099273
479.579849039167,435.07026429993016,-955.1753629368183
482.0820898558393,432.8690519212089,-955.163302293601
484.8923497150181,435.24715589950654,-955.122597142602
479.95588829380426,435.44765468359765,-955.067620386236
479.36873975371805,434.7439855255443,-955.0614874664302
485.1545968261653,435.5181594529712,-954.9324964964783
483.827504383661,434.6042014350261,-954.7906714577259
485.684247893528,436.26428801701866,-954.7149903959025
481.1516759743663,431.391718690007,-954.6806079458433
485.23692953607076,435.91748723998137,-954.6351850556696
482.90261769445567,433.1052687040045,-954.5107428803551
478.7880437639118,429.37361916719533,-954.4904248599598
480.0090812324893,430.7859663096649,-954.4161284988872
481.55051922876135,432.3873618807073,-954.3409178415717
485.3611165321778,435.66743905251644,-954.2517468700362
476.5198253368966,432.07023605415884,-953.9140184868099
480.89087471869414,436.155198020502,-953.7202101591257
481.0725290667506,436.7078416097578,-953.6653141919288
485.93134919447505,436.2263144906483,-953.4696854859219
478.5311880830018,429.2569478593796,-953.3491040711971
479.77701324006387,435.52969400141524,-953.125233421192
511.26330576433077,401.68792418804026,-953.0775999025151
485.8785700614201,436.12933371535075,-953.0658485554334
481.31522705388056,432.22278982480907,-952.9637818948036
478.94085900756977,434.71845592464945,-952.9504146913218
486.04368071596514,436.288049476365,-952.7784282958241
478.0655982727775,433.85041588948536,-952.7442515293832
483.05231542052184,438.42457020895256,-952.1242252146167
487.38214481079433,437.94240875394166,-952.1013874050293
481.51747772463636,436.6804906233301,-951.9731265415423
477.4837725566738,433.3278107279431,-951.6169078620551
474.74005209061875,430.3183546419135,-951.5526200269637
477.9733022038373,428.7876599378899,-951.482374841616
481.1352147344779,432.10697519633857,-951.4466996937654
485.5821183795257,435.6834927062872,-951.2262178246292
478.60056149307457,429.5094270452553,-950.7708512703913
488.0218352424679,438.42457020895256,-950.7053780082224
479.5275304346395,434.5624248200959,-950.4086649417269
479.4072949296358,429.47232605916815,-950.2294403214595
484.2878205819967,434.2590750138329,-949.704143529792
481.41132813013655,432.45175142736264,-949.6617733474635
477.103935873169,433.0757209871715,-949.0210051263135
473.3810641527631,428.770943471039,-948.9737754835014
483.8958195427616,434.95682084672274,-948.3860910779371
485.5057803136689,435.4559261685549,-948.2103415203383
486.30662032281305,436.288049476365,-947.9513167037508
480.92796644273415,435.87079500548145,-947.4769482648569
489.62797981127494,440.1936724521055,-946.9048109833832
481.3169791659112,431.16879621169926,-946.7963863329904
478.1006261499497,433.0143869997173,-946.7444594652017
477.103935873169,433.19104597706894,-946.3589488979499
483.79888996165676,433.6128128155008,-945.9304190172452
479.38446997660253,434.2590750138329,-945.7411767979548
479.87660253611523,431.0193733447934,-945.5668768432888
485.9720383934284,435.82120491278397,-945.1630052359102
477.7726052953195,428.86671367921247,-944.784828055246
474.7083426127964,429.6647698872338,-944.2888136297388
481.9185987579307,436.7797115586087,-944.0612239063989
478.88400156852424,435.08454781065564,-943.6296728305954
478.54402557846447,429.7249763722808,-942.8072021483417
510.6659181787853,399.7423197895653,-942.8010944711074
483.1466460243829,432.837869908534,-942.3839493643137
477.83363056972655,432.60831618295276,-941.420120584067
508.55231648666336,403.28402923789747,-940.7603311103428
479.49430421089187,434.23990879855364,-940.640164663333
479.5786854739806,435.8956397246635,-939.7731709522526
480.2310018847621,434.9550220957991,-939.5469039227672
481.3169791659112,432.62389332325495,-939.2189566552997
484.3341094355279,433.9168772732239,-938.3291364556973
481.41703875636404,432.74277162342935,-938.2863205323475
476.0432461046935,430.778975739309,-938.0099032753911
474.85420917588453,431.16451771014886,-937.8891049101584
482.1167801895875,433.4581291594492,-937.4608671105157
482.11678017958747,433.4581291594492,-937.4608665854298
482.11678017958747,433.4581291694492,-937.4608660587784
506.8611199786202,398.7833380160213,-937.1795563869351
479.362797887694,434.03116587292004,-936.9594193141972
478.57397886880665,434.9944130468356,-936.4681197652587
510.6659181787853,398.9217450364306,-936.190319698165
485.4975108674312,435.02722910727107,-935.5416554272712
481.6306353222832,436.288049476365,-935.5260955087763
478.94085900756977,435.3890114615857,-935.3934466314022
480.07862162412687,434.6951013171782,-934.1442817891074
474.50170057324704,424.28188379624555,-932.2604418304272
510.6676882201167,398.4867402717981,-932.1184953721604
478.15788099942506,432.73948908872956,-931.8831083114094
479.4712581734906,434.01310410562587,-929.8298488211783
478.21508984350635,432.76040225833924,-929.7245070634807
480.14742189346896,434.67948783490306,-929.1446562151057
478.49384768200935,433.0206306813576,-928.6838422534254
479.143454944288,430.64115387020627,-927.1070290676122
505.26006040751895,396.6074207574279,-926.7323714814291
484.37517979212566,438.933281394847,-926.3799755086586
482.9212222688958,437.441437500083,-926.2928633267502
480.10063096038255,434.56657804334657,-924.7813747511693
474.26647336125814,430.9223128892311,-924.517743453619
482.340554499119,436.80094990851285,-922.978578910435
504.257047852965,396.3526740104795,-922.8362451880462
482.6092667556221,437.0699154792637,-922.6996351429134
477.6770951567273,432.1071800131093,-921.6196252272654
480.6564376879014,435.0760191999443,-921.2805121720536
481.2026617688091,437.9709969312655,-920.4406086045253
467.7641535995674,422.6278835325056,-919.9706360454742
482.03866956504646,436.43373752963464,-918.5006297546536
484.6385725710859,436.288049476365,-914.8933474368923
481.41105101733683,435.71079294892127,-911.1998935055549
464.4533353632306,420.46964261568564,-910.804580577154
503.5655713286743,399.53109740600416,-910.1945954738226
427.0627188027049,445.2408757599468,-904.4506094575297
511.8658517240035,396.91124038235364,-903.7551165119507
505.9844582135846,393.5456600683309,-903.0072199374152
482.6026812200515,436.82322822889944,-902.8125372759209
478.6595236970819,435.8247685482121,-902.6506907063656
427.0627188027049,445.88343220526974,-901.8504006218307
479.4398101547655,433.6243875895216,-900.9315357794039
426.03706047520586,440.3719844552404,-899.4903500924438
477.9986712312692,432.1609505325008,-898.1451995666125
501.41105990109725,397.43788868412844,-897.4267003168225
485.7096129861834,439.9279922656432,-897.278364841525
479.49430421089187,431.34962028858297,-896.8366356518281
424.83123552664904,442.1066351467151,-896.7927003507607
481.2026617688091,429.87638265477426,-895.4254857988839
467.0570015446041,423.93559158373546,-895.2240923235996
487.31093110371773,436.01397968603,-894.7660995691841
477.9843863523997,432.108505333424,-894.0289846553363
499.49243709900816,392.5761599562195,-892.367725657358
497.59646287214696,452.85579989208304,-891.9497211957514
502.01251013954595,391.187062526522,-891.8027197100837
478.5464277643358,435.91748723998137,-891.2633190372637
501.55037693721476,398.5846473629954,-890.7439224130421
-463.7382714379181,388.59736234549587,-890.5171227601886
505.7352301800622,404.6379908626327,-889.8873039050927
460.3771859959694,415.6004882245679,-888.0593344170038
483.5603321721436,432.08121741746095,-887.3874757242038
503.73396698265583,391.187062526522,-886.4825610033289
484.81777943973304,433.31516336705,-885.5856596424665
504.13733810771873,402.87068872181817,-885.4779926582796
484.1888273649231,432.60831618295276,-881.1981166286209
478.2729875621244,432.27607219869174,-879.7475012478327
509.0035285981942,393.49543115412644,-879.3154655570968
423.03310270015265,436.7078416097578,-878.7420874832209
426.25482488137595,437.3489455522039,-878.4320963599409
479.9290692013326,431.94141118455616,-878.338631325305
421.40399383383647,439.25759333951873,-877.0987580446349
451.26756920159244,470.14182490275414,-876.6062180088629
479.66492914763694,433.6412121499609,-876.568715553884
499.97845136096953,455.5092651414391,-874.9480918386396
440.8819604638709,463.3109569229257,-874.3399224662674
472.38471205791984,426.3968283968635,-871.4164456248293
483.4203072465723,435.47743926760313,-871.2013651387203
499.00400863691664,396.69896706159204,-869.0870370051152
481.2321278080675,433.31516336705,-868.7142455699945
482.76437188259604,436.69201164165145,-867.987944791401
490.22969565165033,444.29809934173386,-867.064195509894
480.83491086264814,438.6260659947866,-863.393514024784
482.18576330131623,430.3183546419135,-863.0228377405917
-453.49250099041285,376.568960218191,-862.6695840541464
479.3849177440644,433.26116258993716,-862.3265528005819
423.54393474952155,434.6725795976887,-861.4542341208721
477.2025909676812,431.07936703879443,-861.3380465515331
447.19738599446885,452.85579989208304,-860.2709646608932
482.60316809200026,436.47527254219835,-859.99409567817
483.307239010653,435.44765468359765,-858.8875249923722
483.5165106925201,435.65815424158507,-858.4836896204122
482.2271218975128,436.08175600693187,-857.696160618621
480.7761699372247,434.6239621480115,-857.6704864885286
435.3009137512605,441.5596698336326,-854.2099225297593
422.1107209401574,433.31516336705,-852.0713556413082
459.4011330821804,475.2100484801143,-851.7132583966022
432.77110284313505,439.45665589777093,-851.5496665102003
506.8591442369757,408.22636438147083,-851.4558715307733
484.8889198726349,432.835724428675,-850.6857177502568
506.37211525430575,390.0278388762499,-847.6455005150297
472.49194740298594,426.33412919308944,-847.5735863194152
-453.49250099041285,392.96649059067613,-846.2920422215082
480.75308454875835,428.62248150763946,-844.3767348927614
481.5451553081283,433.78366997098897,-843.6498712721956
456.45882669345076,462.62715881092686,-842.8312486358861
462.23352753168524,475.8547351948323,-841.9434722938245
451.0150878072666,455.91606936833205,-841.6324689819504
477.7646651982027,431.51866543044594,-841.6122301538013
509.03497268979163,411.1452059185349,-840.7342951699595
472.38471205791984,420.5039957785325,-839.598471104571
484.5539297364302,436.8082681949427,-837.9855334960487
478.94085900756977,437.16597341428405,-836.4336182967297
498.72508436838393,452.93062205802573,-835.9623485492191
-487.80818173919124,392.5761599562195,-835.1426088176233
453.736979216127,474.5575991793735,-835.1311301332366
484.3306316504901,431.91036126800134,-825.5245460284096
-461.34485103806026,399.1843194001732,-825.33609261216
484.7697648112379,432.33023251413977,-823.9970155581996
456.4606352908195,461.3442295528721,-823.8253432901821
482.60096079093194,436.260052278937,-822.3785969740147
479.9749616379346,433.62446698032363,-822.1626293861069
458.94814661469616,464.4878044347182,-821.9601335327957
478.94085900756977,437.3726469065018,-821.8527253747443
337.0400003299537,480.86146586824964,-821.5440379904176
325.5780629765128,486.2993885623001,-819.5297713061989
325.5780629765128,486.2993885623001,-819.5297713061989
489.1533953603325,436.7078416097578,-818.0581600442392
497.4218364119474,383.63002608047736,-817.9511890006711
449.4564285394266,452.85579989208304,-815.8035418102436
457.97151712854577,462.62715881092686,-813.34209831704
498.2662145997788,399.8032862870151,-811.0785679394434
503.92856957071604,406.784601400215,-810.3080438304462
510.6676882201167,461.5416149275354,-809.5084256871514
490.22969565165033,382.30766274144196,-808.4404038524533
458.87188105741166,410.71185374185643,-807.9118954687858
453.8841285303896,404.1157917996137,-807.1918103929474
490.97451534550316,388.85966381733624,-805.7752819242663
454.50538638347655,457.9489464703686,-805.3975239981462
456.9315964527859,460.7516467603823,-803.5369099878235
-458.96228515209737,368.1106850866014,-802.7996096327026
489.72836933386,381.45030075511784,-801.5230842140511
486.89323815493924,434.1537179764206,-800.4984633092472
479.8270126519642,433.36701699461037,-797.7406591314822
506.16394267935834,462.62715881092686,-796.3133281540621
453.5378588544846,404.8829355719846,-794.3518155888481
505.26006040751895,408.9930198583146,-793.5461867588261
481.7908291248028,435.31725786168033,-793.41388185444
411.35875282437485,432.9775399155062,-790.862866774215
496.36763318931514,398.4867402717981,-788.8728802633348
497.7049417063357,381.7747444733185,-783.9735613591084
486.6416514150012,433.6755508662908,-783.8858779074387
491.12183023418197,391.187062526522,-783.6717517014438
464.826965492058,470.14182490275414,-781.9279985307312
481.7164943217749,428.7135857267639,-781.889862228372
-450.2720676736983,399.1843194001732,-780.5381821939663
453.09415655752696,404.6379908626327,-779.7553467412362
484.1882663550331,436.7078416097578,-779.5367305806603
461.1584073196776,464.7332299418156,-778.2330382900545
441.32606816670193,443.1951500679302,-776.5900272274457
458.0702747441047,410.1368169927756,-776.1212795580909
486.6320422490677,433.5572831960169,-775.6607924440193
490.8953702814548,378.6277192363858,-775.5588860236732
-440.98238758522996,368.1056088488641,-775.2612535063029
483.28401623239256,430.1626607637643,-773.5816814072383
-470.37859990307913,367.59849288359135,-773.5724997392633
485.3257883430175,432.18016753861923,-771.3224404156131
467.7641535995674,426.75357311563107,-770.5703687836561
487.7954320869351,434.6641846350916,-769.8540029002952
483.1413260697385,429.9690010415718,-769.6305369988809
499.46671718900564,403.33188436918397,-768.6582426139468
489.6763441312695,436.5733636945065,-768.5218286866511
461.6978628557298,464.85713842749794,-767.536013950511
506.93533999721035,411.8004132849005,-767.4507720243544
427.0627188027049,431.2155634265042,-766.1304248558237
484.6953245950757,431.47761080128305,-766.061695543068
480.5983568589495,434.01845090225106,-765.4811034747643
501.71114954450127,459.3867118329066,-763.9702001013704
488.7984450809597,388.85966381733624,-763.6652608853574
474.74005209061875,434.0162018385503,-760.7796158933187
483.96212447922517,430.67014553290505,-760.4522801855774
490.91698010721893,392.5761599562195,-758.2010412559465
505.8390976627762,411.0034043171099,-756.9281605999442
488.7364131345357,376.568960218191,-753.7544886120253
460.75423954422945,414.3858971318274,-753.4184812218064
-440.98238758522996,396.0872524551296,-752.4491474378815
484.6385725710859,431.2384379682401,-751.907421056359
455.2587202381692,456.3282395816641,-751.2578015991412
487.92817326487364,434.5330175599022,-749.2937629442829
484.7952259664793,376.568960218191,-748.8072751050227
492.8919105862119,439.64163714082883,-748.3075893041178
447.3924067359749,404.347621425229,-747.6275835344541
482.1056336828302,434.7439855255443,-746.6074626228876
485.0436876637598,444.29809934173386,-745.1706146583451
352.0165993840843,480.8319448842939,-744.8332624583846
484.9404433179535,375.73654667857716,-743.4835095550052
488.1699152224902,434.6999134313163,-743.0751076842172
510.8100143017633,388.39808142929326,-742.2100494752218
486.8927192090142,433.37795253731736,-741.3195478065791
491.92557466399285,438.54269227258385,-741.1724408177985
466.251731398831,413.43651035055416,-740.5847937690783
461.4606625706476,409.0990297738832,-740.4131491251186
-450.2720676736983,402.89967781412463,-739.9310561478958
510.7442588367279,462.62715881092686,-739.1123941080723
480.03750719041534,439.55760474476597,-737.5789925542124
480.6826388785863,433.3516117866151,-737.0570380016111
447.964007042159,399.2973267672073,-737.0392990672638
486.7551436063609,433.1518058523043,-734.500606261601
486.04368071596514,432.4308107632652,-734.4152593930789
482.5139351146033,376.568960218191,-731.8606815621388
495.2988532847178,399.77889213840865,-731.8370130208073
505.3777851050887,411.4022871647488,-731.0925744383939
444.72298433861056,401.4190731312277,-728.5901498068044
488.14044957534134,434.4762314333442,-727.8545984543582
473.7615445779836,487.76506026844606,-727.7293605873958
-502.4934705293404,400.6484261058465,-724.4924992619312
469.1166950891577,428.77936629584815,-724.4899685603895
500.0727151942334,405.7760347444847,-724.2867292033046
486.63904788964453,432.90288996140794,-724.1079238657929
354.4822021516545,480.9439164771693,-723.5136444055072
-499.63949560358867,404.347621425229,-723.4795390820054
484.3279287752581,384.7513859915449,-716.6750211380115
481.7920227652735,435.07026429993016,-716.4052202736341
488.4732186713853,434.62202935991195,-712.4750425554939
484.37517979212566,385.5161396919284,-707.5608989364812
484.8038052966301,430.8398261497365,-707.1272106840678
505.7217106049287,412.5928347884329,-705.8421805927134
494.13944647745086,453.314847671464,-704.4688490874087
458.2160396339492,457.7756986190918,-703.1875441848958
474.9022930619883,434.9250701272034,-702.7400061138828
474.8621175399808,434.9238230546489,-699.6656558855232
449.679974911499,478.65779516295163,-697.3699044966893
482.92727009011196,383.8976457276608,-695.3777030721283
-497.83332111241134,409.0609789523354,-693.2663190572545
484.3490944520337,437.1200625159802,-692.5569520470164
457.29888518148255,456.26103241441274,-690.4727065695607
460.5001023513488,459.8519848529992,-688.0760245271069
-376.3407899620729,-397.96127903117747,-687.1381721279353
478.20304289019407,438.42457020895256,-684.2573603793079
506.13528832157795,382.8542008142167,-684.2320804525823
461.34026262088526,460.6777621247852,-683.6768840365722
426.00460073322415,459.8519848529992,-681.6485086820092
427.53745121355746,461.3442295528721,-681.504267269097
-450.2720676736983,407.53167815066297,-680.1828765606462
486.28193888712235,431.94141118455616,-675.9057906836603
494.8799908954205,401.44770376162444,-675.7146710563374
479.49430421089187,439.7994371138644,-675.2577007372253
447.964007042159,445.89904305660036,-674.3873052187272
497.7049417063357,443.6872357606484,-668.06057987007
510.6676882201167,468.47331176593264,-667.2685596038299
504.3753250586134,412.3924007224849,-666.5992415714463
447.964007042159,406.5987909855702,-665.7925460662864
428.291557631896,462.7892768590971,-665.0395292181187
488.2504336740253,433.74561392674264,-660.2478537201271
494.5180042231418,401.5974628692629,-659.3577715594294
444.72298433861056,442.2681594719918,-658.5907250904395
438.79911265634246,393.5456600683309,-658.0047141155565
438.8019688112271,436.8223625264392,-657.0926118361572
451.9877082170091,449.1842478336878,-650.3241963893611
-510.3653260413514,389.96798689038974,-650.3177652216812
458.62367724637284,456.2134741444785,-646.8767571000986
498.5356405081101,406.67900104137357,-646.1773643545004
497.3719240171388,405.4361393399912,-643.9628336046633
417.69550783402747,420.10782589735936,-639.4940942334351
460.73728305389,458.12372671599314,-632.4808095492929
455.08799848596277,451.8524708748504,-632.0173009091277
-311.11879943684005,494.2190528219751,-631.566480803132
397.7092540970002,412.78491325145865,-630.5119798267746
463.3317159762886,461.08030866906415,-630.2531939435192
476.154780607426,365.93730356072797,-627.9470118346858
320.7018488764802,461.3442295528721,-627.9381462223079
447.19738599446885,443.6872357606484,-627.6213339363919
470.66695452247404,470.14182490275414,-625.7230061236503
-453.49250099041285,354.8034508836306,-622.1571197587592
491.8200713926409,399.7423197895653,-619.3865180035506
488.9068950464506,433.90940835193567,-619.1771986113821
464.5525492131844,462.0091046054456,-615.1664334880534
442.24851465894017,438.6186621190752,-613.9038534409203
502.4548230532587,455.71036067481805,-609.6342369273489
465.57782437559877,463.03406227213816,-609.0635942308957
442.96459475396364,439.13401768732194,-609.0438167049195
-438.3789639932521,354.53692632693617,-608.3501432790338
480.0240661521841,384.4556569622441,-607.4588984030634
505.26006040751895,415.0699212127282,-605.725089933469
-455.7516108643428,353.94039609861034,-605.0023618438861
-323.6739452512027,493.65025965086556,-603.349685648476
319.1747646557611,459.3026136573161,-601.5634518102463
409.9824121823815,414.1192797293795,-601.4311462314552
464.895053886165,461.9131630854041,-600.562673021015
352.0165993840843,471.2997903874232,-599.8357965896286
477.96102513731046,431.02589512542795,-597.16026061135
447.1083675922505,442.69105561578556,-596.9903695855862
498.2698417579928,407.914251047172,-596.2590389455837
-413.056400425213,368.1056088488641,-595.2284612638534
490.0764226036823,398.4867402717981,-594.0260056774824
507.01908112040223,380.3740925426745,-593.5918288799911
414.4382545625609,416.4417320848007,-593.1010016732595
480.0240661521841,424.6938073644119,-592.7953019447125
445.1135012273626,440.5980780988483,-590.4356667137928
479.109508397564,363.80068227943264,-587.5165084927226
-510.1408823552425,379.70921377709385,-586.209734672563
502.01251013954595,461.8433512562726,-584.2007816347909
460.51551310497223,456.16874275743123,-580.5226636144722
427.0627188027049,424.85655647408987,-578.7220410541534
-485.8442899622132,419.3976630849404,-577.9751477973097
439.1777805763953,434.70581756401225,-573.5416939660391
462.23352753168524,491.38122700739154,-571.513507453115
466.90562964496416,463.3193614024201,-570.5411110576438
-470.37859990307913,419.2641336086973,-567.4361313465147
491.09707045894004,368.9203641161821,-566.4230913623396
454.4495176707078,400.6484261058465,-566.189952011249
-98.6447017356154,425.926044309463,-559.6005146891303
458.6951964436031,453.42514014202516,-557.0784061850774
458.6951964436031,453.42514014202516,-557.0784061850774
487.73632079696176,449.0904707156852,-556.9355331093817
-100.58808854169024,414.07298338287717,-555.3495049274212
492.4673031912944,436.7797115586087,-554.9414936216643
476.23276559164003,438.10225844132833,-553.9283412139939
463.8798876654316,459.17029130621904,-553.7030750623888
493.9727085414705,370.10969010969575,-550.1326870627638
495.00565635220005,405.66599895954766,-549.200236580292
446.8504349077348,441.0622116508732,-548.6310444539787
488.7984450809597,398.4653387044075,-547.6287473138783
-453.49250099041285,417.09539221353623,-546.9754555988115
464.6456021644956,459.82074815947396,-546.0275011196953
478.3638331068445,477.4444683403941,-544.8965470142876
-502.4934705293404,419.6300138682383,-541.8919218286419
442.19284251267084,479.18072175239513,-538.0908178326454
442.02900488444743,197.87441414372142,-536.8590313430702
-106.316379520655,409.0990297738832,-533.9882113776921
-100.58808854169024,435.55107021037395,-533.60638644651
297.982196889231,463.05793512746277,-533.2860329706491
-100.051246942955,405.88959309396716,-525.5452575156214
-371.4228043595292,-431.26546096028756,-524.5847838025223
298.6820229272124,249.6257288799129,-523.225946069868
447.964007042159,483.8828132236823,-521.0631438122274
400.1016369144264,436.8223625264392,-520.4177284582199
490.97451534550316,434.80042738224165,-520.2395389825672
-263.3851783616574,-431.26546096028756,-517.791057006095
396.28816463974886,404.4176096329627,-516.7503143189329
-85.79444737426002,402.8667925388652,-514.6503522553669
486.2375142667415,488.1210484680248,-513.5758683434852
-75.23020010285347,422.23437705303763,-513.2404081512365
-445.31037658924106,416.4417320848007,-513.1982503172233
454.34351536629197,447.47202847654296,-511.5630765680875
500.9214283217966,373.1591622390922,-503.00069643796667
498.60834624802146,410.9892163726579,-500.17166739150133
500.6270957105926,413.1393864394797,-499.49489848758907
-412.86775992808737,353.94039609861034,-497.0194770753342
-86.22770215481682,399.1843194001732,-496.2503183774792
-65.2070410975249,403.23410785696444,-492.7907788044692
-62.1159765047239,406.9462580028421,-490.48572562502676
-92.33476625362016,398.5464968596351,-489.98429382421864
482.32123829636953,480.86146586824964,-489.1435044290182
468.4892108665375,462.5969945471004,-489.0172182525382
503.8831858514668,374.76523572042413,-488.13230428626514
474.07765111145204,436.82322822889944,-488.1094242693081
453.48221753889845,488.70480615298607,-487.7808526409551
347.893605225128,240.44344275937158,-487.4205504885671
447.3966599170258,439.904030731392,-487.41034127566473
384.3739113116127,494.2190528219751,-486.66040619291914
449.98396433147605,411.5262355334862,-486.35170241883463
446.3642108646692,438.88765346008176,-486.11425436316784
-109.98263866421155,447.0838100707431,-483.2033580931946
453.736979216127,399.00634162963536,-482.48551370743684
-58.93461718997321,403.22941318896835,-480.29702910678975
-343.61335801429993,489.94449706400405,-476.13694402937017
490.97451534550316,403.22961625294033,-475.36843189475144
447.2215789639922,439.3984077056808,-474.840723993332
138.48162428465707,304.6712348536438,-473.9084606405524
386.17507683867245,401.5401461796639,-473.8840967191831
-403.47851877628386,359.0006295590849,-472.1921389178343
-53.85724687905224,403.9236845311905,-469.050824842133
461.4606625706476,355.9297115876773,-468.0031689753867
-102.07982069790035,396.9567432302837,-467.01300320061625
-395.40671733536624,104.08364033743715,-466.956183121757
444.8706964459086,436.9678185766661,-466.6449677767928
-237.08532589609968,292.56456117901644,-466.4352027497761
-352.19537062002314,178.45325699721593,-466.00699354001773
492.3392127925032,405.07059552802616,-465.33778032236074
-81.6246227768213,393.64868789074467,-463.522146686679
497.6004482662793,410.92197560870704,-462.57907324418085
501.9210891668855,40.31462247969273,-462.5119350090567
507.83935609915693,421.3652217204144,-461.2954638842962
-109.98263866421155,398.3523662565425,-461.04212920636377
443.8640966230123,435.8635061992036,-460.0666922564245
482.11443487984025,444.96631514798764,-459.87933696853656
-101.13607975537127,395.62375227533596,-458.41116432299185
495.8858641698549,368.2830613199204,-455.7357673287706
-80.2242477016539,392.39960394168145,-455.6673930373029
-323.6739452512027,484.0767693545687,-455.5740704033262
-85.89514974659335,392.5761599562195,-453.7034299175717
-95.54745735195706,393.86088133668807,-453.3141450201214
-56.79838680547323,419.3747035381874,-451.433939869583
-398.6554873910875,372.0236287177172,-450.1959744066755
-46.892015878792904,405.1140836596587,-449.96994708426814
406.72981378811676,450.1646595361203,-448.8731630009271
442.00049269950057,433.85041588948536,-447.99314099766775
463.6634930525536,455.716422076189,-447.4869348108282
-47.90209592543101,409.08367909718197,-446.839557437874
484.6110834478559,396.6074207574279,-444.4964567205709
475.9553393756372,439.25759333951873,-443.3716015615018
-216.64606282463524,284.75066422607006,-443.0640014036187
504.5014468484494,418.54324757213055,-442.78769198523736
493.58187370273527,407.10646632772216,-442.1259992018581
-438.3789639932521,-176.21632966977518,-441.87575887310413
-95.63614164132207,392.43118271345384,-441.69148946720463
127.73806100591719,302.3857992159477,-441.32444138488995
460.84316071855824,452.38684165562404,-440.91213692594783
-49.886586131074296,390.84068301962543,-440.2850852136205
-455.7516108643428,345.12451536332355,-437.43526672924366
246.78726923811655,273.6225732688172,-437.43214821946356
405.4215447240973,449.1842478336878,-437.2648095751673
-278.4452581721155,480.8319448842939,-434.78079745341597
483.6622684917061,395.7809809608194,-433.54484549663215
469.44834961531114,376.568960218191,-433.1455834382774
-84.25717226342817,443.6872357606484,-433.1252431911645
-98.18979205325513,391.657695141613,-431.0000305742353
475.9442028891426,470.0597927816774,-430.85647182719
456.65811640518666,-18.96391165322268,-430.13661175716106
-41.8207024453352,388.85966381733624,-429.67495513233587
-308.3428548438061,-446.04696910627035,-429.21044899494325
353.1457143104111,462.62715881092686,-425.0823868242004
131.33055621901974,284.75066422607006,-424.7872522946801
-67.4821111725621,434.20452721345464,-424.4650161408212
475.8772117489733,355.2812913022452,-424.2389064341709
-323.6739452512027,163.34150063346544,-423.482731029486
310.091979302505,265.2571774945362,-422.6301245840721
459.0886874552275,422.380310791597,-422.3383885849512
450.2803514795079,488.7605961828209,-421.26213319326786
-497.83332111241134,427.3471946421778,-419.71938591975356
464.46642541575204,455.80775468205763,-419.2386843361595
503.73396698265583,418.36835953818525,-419.0965482711306
-502.4934705293404,426.93819363364514,-419.0616059727818
343.9652108696888,244.21584560558563,-417.25757553640244
376.3790977539577,479.8976452005786,-416.09998217585553
357.07105068852024,249.3541594845865,-415.02738676314704
-119.49009387792091,457.4380053087748,-414.55611495188793
481.7848639194485,445.2408757599468,-414.1584579886797
499.49243709900816,369.3851628489318,-412.41736078216405
492.36292728672925,406.5785357403563,-412.11572056276776
-13.243940419211299,385.73710414738696,-411.9505357685455
-449.0220003544365,423.3908947403487,-411.8536326872071
22.15867091228438,354.35227798792255,-411.7754219442968
1.4230632857575074,381.3112285585744,-411.49957533554385
-13.243940419211299,376.00162509572067,-411.1232926091179
21.595935772690154,376.568960218191,-406.68858360309787
353.3251303030328,230.30662689239716,-404.571409351268
511.87339966728564,426.55268359569334,-404.18221855974883
486.47701350134366,400.0611058718523,-403.9453285319247
-395.40671733536624,375.2575456831232,-403.8954402150275
18.21041047636004,352.8910569099927,-403.73091555667605
456.4606352908195,350.2509903672561,-401.903479657659
-51.952172105810064,382.02828634570324,-400.75592303388703
510.6676882201167,425.51351895060645,-400.57371453681964
-7.028935685692886,388.84037720498134,-400.31077314577607
-60.55068324491708,432.5228741625226,-399.97479031937087
-222.98570766617297,294.0479775244181,-399.33912424081495
4.2450428706893035,385.25623790147847,-398.53413998767917
407.85210653869444,406.277672271445,-398.4469921161252
-19.79717122586237,373.29495265960554,-397.990376001704
479.6954126523767,443.4749458353642,-397.7191281234732
-38.23899540565844,379.1104530399406,-396.87748970291165
-94.80786623831762,452.79552811823044,-394.68006991533116
213.8966832672304,-278.4450854332807,-394.3528921705846
485.5057803136689,427.58563019046915,-394.30719873211433
417.69550783402747,372.9754705607045,-393.2513903235097
-4.327103575201136,390.02588239925876,-393.0928346036098
455.69782020194975,353.2156832569343,-390.16962461945207
493.299503964833,408.23161227061905,-389.4285023400378
123.00527214561282,314.61573048700734,-389.31700154478915
420.7619358421417,415.0112545281745,-389.1682376828669
47.93852704869687,360.3727559549202,-388.1189227804839
444.72298433861056,-41.37209920819862,-385.9704376213117
-455.7516108643428,33.11500284298654,-385.42002803413544
-82.39652370937358,383.7652308973243,-384.8079488611521
34.42265045604336,375.9097388591623,-384.70049193087976
-395.0590638267712,-431.26546096028756,-382.48223998471883
47.791683262436095,346.7757753204777,-381.9478133384668
-286.0401023509877,288.436843506797,-381.4161862151351
348.28654642239576,-366.77081626805455,-381.0510941303312
-197.34376480137342,258.74950188212506,-379.81936318173075
-385.11008335221527,104.08364033743715,-377.3600238753538
43.97851242209276,370.6047764117627,-377.1598317174693
-44.55811092636725,422.90224393817266,-376.4168461586435
448.95588754736923,438.395783620399,-374.9093102068551
-196.2409810572417,259.1086586529219,-374.1719026596535
508.78030717843114,470.14182490275414,-372.81989278146443
286.9584932045276,452.85579989208304,-372.5033991519766
404.3093572362651,403.195410479522,-369.3349121995678
499.26781208038597,415.1051173938338,-369.10825405816706
41.97150896978292,374.97517039596175,-367.092747184248
387.4714275036238,-97.61423097464086,-366.84183506812093
468.1984650310187,410.5884483036871,-366.7717833786683
444.33704445570993,433.85041588948536,-366.42476912671776
453.736979216127,174.49169997506135,-366.2633283052064
-336.55161034910805,-423.07160876770354,-364.99564725538437
224.28302447710166,227.74902389882516,-364.97675690541666
-98.69636301826245,384.6343665717869,-363.9228464803921
-48.54453224571637,428.19758360109904,-363.89657281323105
-256.3437381846221,304.2890977138769,-363.70948266466866
302.5237122409005,261.3473274299404,-363.2429706376075
495.8045252232008,411.67365927705214,-361.78318379065274
-9.64228580035433,400.01621264099845,-361.27141085341617
494.1678851883096,409.98802853771326,-359.2440830415752
-114.99314107551174,388.6396727713334,-359.1247187813275
57.07363542562803,360.0218274688933,-358.4423903940991
-105.9926186548206,385.73710414738696,-357.0352979006213
-371.4228043595292,197.0454685320833,-356.6430034229435
365.6782235040937,254.60517700203843,-355.82611521229063
21.39771594745605,388.22930831773476,-355.15010570998237
498.59053016716234,500.7536630384751,-355.0728687889345
55.5099596792744,340.57303996195037,-354.6844252014315
282.4232114923316,490.31456630468347,-354.23226367452446
-395.40671733536624,350.71817592457444,-353.57387084051237
30.904709715018612,384.5147054531351,-352.46450486850017
465.8850661922744,430.5349358345792,-351.9840075805604
444.72298433861056,407.5946630033977,-351.8549555080836
326.6861076536791,446.66548943055886,-350.19283811290524
278.6938501232403,223.64186268039225,-350.0617924316869
-441.5424059601773,65.84063889494564,-348.7733702241221
332.7281399995744,448.8536533927712,-348.2848775258235
-250.83118371110754,475.54369698655967,-348.0812218526337
312.00081346978334,442.5161054205955,-346.8762699337075
502.34445052120566,369.3851628489318,-346.3737350025358
482.4588693575421,423.87838186128613,-346.108278925591
-444.0414358260514,61.65317799429545,-341.29553602280373
183.28039321655774,299.7129958703009,-341.0662472602685
-360.04573679028636,174.49169997506135,-340.86490404456754
14.688953888732954,393.62529699179834,-338.2566909812391
-450.51933379663575,113.70588646409271,-337.5803700195063
-291.1333642782022,280.69639991134727,-336.3720526861759
481.36685277861466,395.91157866148615,-336.34958965213514
245.5152901229876,202.2040970221085,-336.0580262834452
458.5368704871838,-37.08242533568733,-334.6545376034275
30.740501605564987,387.6419902818533,-334.10016617161523
469.42218860738114,224.8227166224451,-333.9954612150423
363.1321234456227,240.25216118014305,-333.27227793413863
490.22969565165033,454.11976141751813,-332.323789157698
-230.56056797630947,241.9663868690145,-331.87481109449175
-440.2016162238515,59.01228758151842,-331.4020578881633
492.63422342510523,409.13790007288344,-329.0341465868197
-13.243940419211299,354.34487992210836,-328.3640381937982
-196.2409810572417,280.47933946780665,-327.845340607117
-374.9484815569363,-431.26546096028756,-327.6739367456055
162.83056113772227,332.32757933201503,-327.0245290808932
-173.93651147940614,433.59410277609925,-326.08632456293384
14.53790208041164,395.6820342754571,-325.0521305544597
-37.13944307731856,366.1378049311579,-324.88242135662915
280.57028125613704,497.6950732720478,-324.3762852360235
332.7281399995744,-107.44802489640892,-322.24179012597307
386.1048221743348,174.49169997506135,-321.768132453887
282.1327144145655,452.85579989208304,-321.2116284526715
381.62032383085534,478.69799573341334,-320.89327582433543
-200.54556342872104,472.8815652850345,-320.1571186557576
-187.3930749134214,473.39977411337827,-319.44820891039467
494.87648507325287,411.8177475349952,-319.1110845110756
-309.7765880831031,474.5575991793735,-317.8236730607469
491.3106091443882,408.0133158447243,-317.10087323853816
-438.3789639932521,-202.60975084910103,-316.23261444166593
451.9877082170091,-398.1468510960872,-315.2292378429794
-438.3789639932521,-151.0044233173162,-313.8380793090298
-411.997608536258,340.9418793328539,-312.8302443748716
-36.37501224355958,425.926044309463,-312.22884074571664
413.69004960320603,465.16517970686004,-311.16673654467195
105.19696099913017,322.79803702241566,-310.8298605349198
484.81777943973304,449.48339456086694,-309.4599909118631
-56.77206082631699,441.3013821560164,-308.8211019669732
-119.71318516725944,385.41222123110697,-308.38237745190554
-323.6739452512027,475.4497199764479,-308.3288817313627
-169.71057980805256,474.51733688207923,-308.02956042623214
-455.7516108643428,80.52855600652356,-307.6689056906856
487.75599523263645,404.298344361953,-307.4744810036712
21.77625665862149,333.42304223300016,-307.33878154014604
392.1343139036071,438.7547890238893,-305.75019977351263
370.6370053101209,253.23448564060425,-305.29563581917444
-215.42877764067316,299.10492334874573,-305.1463094093291
281.4141533963784,289.32438337218616,-304.4405232180429
-58.61026193353439,443.18411551308225,-302.9341166420689
-384.9255790129174,365.38715385943556,-302.87470525667226
70.06306012219511,359.6426650694201,-302.80033332463216
491.38458787130094,64.05317504904451,-302.60434033071164
453.736979216127,357.4439996874696,-302.42776762197155
79.48292985614535,337.1929949286234,-300.46059963201463
-464.74112076684753,-190.73043594248406,-298.95712041218223
315.84966395728725,440.8159005067033,-298.53659736144584
-321.6309568541776,474.5575991793735,-297.0318223245944
396.77026260275966,446.5398579471655,-295.73834317374997
-80.58308178364871,184.1663235971448,-294.231751844473
-66.73585082157729,449.1842478336878,-294.07955915515595
0.05809251767436763,406.12084843852926,-293.27165671302237
-46.51628618732559,436.01397968603,-291.7944870188697
86.17892160370252,330.9986497100808,-291.5788136126092
97.35282616508493,327.6286344265485,-291.3671571421621
34.179701420168385,392.27170378149947,-290.9904203474651
-426.1424120859839,422.00567723541894,-290.8712667917516
87.47180211944965,332.39567307247694,-289.29816226497013
-504.4283025028616,433.4621038550441,-287.9478614042615
498.7831273704128,416.7316575220045,-286.7366709463746
122.06983569948534,268.03310995964796,-281.1510183835283
0.3499755582892021,339.45377667116327,-281.0381698787319
-110.96927568836975,380.0743886240516,-280.52358137824103
504.4503714028291,445.89904305660036,-280.34226073329677
444.74464298759494,431.94141118455616,-279.6957169829026
-107.58566234403145,467.4930431579236,-279.30753323730073
-431.8695601913066,425.3482178702195,-279.15474239169066
-177.09573881161953,428.77936629584815,-278.6572875936372
470.8451731922195,436.7078416097578,-277.99804501980805
92.94929174008917,303.8233995277666,-277.9546503339667
-65.82180970296099,450.3033008148002,-277.3348383516296
-31.076206791257732,426.6231323674076,-277.00229563733615
-373.1954783017982,99.56300380300581,-276.00756896586546
297.63092122487126,436.98184578555276,-274.14610096612546
352.51610626651586,255.92389310862484,-273.11766787328946
-11.690483497263813,345.286724095771,-272.6454671929408
374.33099303480617,256.89158416867303,-270.2790421055525
462.40640225011634,449.1842478336878,-268.69812119068723
373.35437794913446,265.1642361711847,-268.0039889774787
131.33055621901974,264.5231761165704,-267.86434947610377
481.8101174049049,398.4867402717981,-267.8563027432467
478.2866689236554,444.06981009468234,-265.29095921076794
375.831658741222,262.21276977428283,-265.216105547877
109.77698631450244,334.3066000834931,-264.3969194530671
-375.2448425487461,-97.61423097464086,-263.7739048727641
-492.52734192435855,435.07026429993016,-262.77703858809025
-140.0674754196781,-314.0600772363416,-260.41409533611665
480.0240661521841,210.02416735538407,-259.0744265545893
-79.62424721560728,370.694902290619,-256.5206591287262
54.10825639897644,385.7896969640226,-256.17693001889074
91.06001820711731,-357.8696641420462,-255.52453064228928
318.0856408495964,270.59915001829677,-254.59592892498245
-30.853630760088436,353.94039609861034,-254.4954427908639
-382.2672271627671,350.1227150713811,-254.45712530910728
-395.40671733536624,137.37016112193498,-253.82050307745777
273.4169643689951,484.0767693545687,-253.5247183205875
-450.51933379663575,-469.9756690288475,-251.22830994410654
145.5113839086373,337.9044138286572,-250.71816404238547
-217.7442737459279,461.3442295528721,-249.93772484501116
437.7324340858521,425.02516157875243,-249.88851664214198
-317.5416862011664,-42.59147293166029,-249.40891897123373
-95.11496582187851,181.45096566402617,-248.73702350407484
115.19857772658679,336.6439595458485,-247.64796238821458
496.910754935815,415.88216046728087,-246.59433564390915
352.0165993840843,217.35029155335042,-245.0792157774303
141.22799581805384,338.00968939493475,-245.0344769111921
-66.58604974742832,366.4259053283,-243.90444844548833
472.8559266248809,439.25759333951873,-243.8253871853229
77.58722038466885,364.76052287393713,-243.31325888071993
473.20821192649396,460.9101765113195,-243.2846994215255
84.38821964944941,356.0453248028523,-242.36381068950675
474.83570359547093,441.1852290789757,-242.2621402455629
-21.09448866989476,424.2547373609855,-241.1800356766589
-49.899346633135224,443.94391578548766,-240.68480783730632
506.2015699549962,425.19082113124705,-239.224645499022
447.964007042159,433.7591191190619,-238.26170167546482
-230.0401065975176,463.3109569229257,-236.880030529779
-243.87879030583895,465.6105625735971,-236.77115329977667
479.5275304346395,419.33657875840606,-236.5186804900038
-306.40026691992136,-202.61152000377467,-235.58722985170263
384.0848910014528,474.5575991793735,-235.14366580730592
5.473931122599311,410.926021990139,-234.35120764999036
427.19318813881387,388.85966381733624,-234.05625128244677
-379.0292930549458,366.6751949278116,-232.58249417339474
-224.56807199789125,461.3442295528721,-231.91325934032227
431.0774079899778,393.5456600683309,-231.78518557588103
498.3406895136977,462.62715881092686,-231.3641079463673
443.9843482157297,344.09746946784344,-228.78538479255855
-47.7865998200582,198.1446537638442,-228.61757586986482
-393.96115269146475,123.84666704141546,-228.43547751394533
474.93250859701436,391.1974457991115,-227.62851261445732
123.56652658619964,338.92538302193645,-227.2098560805054
10.877523362847114,327.34896145431435,-225.45969796388425
484.37517979212566,242.28217236845285,-224.71902417387275
-288.1286629367595,312.1280137608179,-222.75786232489548
248.12017619684912,510.2026344989713,-222.18998967754356
274.6235707501712,299.48030626639775,-221.624482539858
466.251731398831,433.1649242309303,-221.35899889006066
-199.58930714976105,-473.0017625336536,-221.27344433781022
23.852325593160913,321.89957919531594,-221.23467671545285
500.15487223980506,419.84000747658456,-220.9142300537829
503.7694002809533,467.4930431579236,-219.73188644992007
-389.82786375066905,123.84666704141546,-219.5200968517109
405.3232192329408,462.9849071549204,-217.61581069946237
494.24060100671954,413.9108802958614,-217.57138408273258
273.90823878139304,178.31940599614745,-215.0088625189535
414.1138989654123,471.181685559906,-214.6907258360339
-379.36296268467015,488.4404679582358,-214.2877716207752
111.29295169509703,342.126647956208,-213.9821846488062
-199.58930714976105,-280.79950877855754,-213.07389296640918
378.5126977956427,258.0907224448323,-212.5505454028884
497.152009872848,417.08546599048304,-211.52988456381695
-45.38163085489691,443.9860363562715,-210.58571578447226
84.51070806573989,363.156851917524,-209.95744794320643
496.5773251380733,416.55212771622257,-209.64136826608288
-214.60090981163262,306.79125539428117,-209.10898685790903
481.0725290667506,420.35939933882446,-208.98897943408366
491.41358586579406,483.84984474655505,-208.7680012797449
-221.18616751278148,309.4967221580414,-206.39104260165163
-508.9074741842844,437.171190714486,-204.30137656735036
62.64823022923213,-202.61152000377467,-204.1796164655266
412.6542938912388,404.5324306314633,-203.02101279360292
-95.2138555290345,172.9152894905884,-201.61871963231465
-243.52782092800328,314.75551238774915,-200.8000461856665
500.3498785303117,440.07991693861084,-198.41386175593874
-21.871049368264494,178.05737751269078,-198.09577140196166
-283.9176238727506,181.6080819510753,-197.85282069019584
465.0127405340146,449.8903298443918,-197.4913838102649
321.6951529002363,267.41190460208304,-197.44579208120197
-31.483618020252948,162.12868533940946,-197.44306635719283
-68.54151885285273,-312.20554149909196,-197.0108271206644
-107.62478118035403,372.0236287177172,-196.12680660393318
159.621124459896,-243.16837902899272,-193.9613864653301
115.87434273848487,-131.31564585536728,-192.7295388920309
467.42608852878175,452.47777348620275,-192.6962211088882
77.06981999048651,374.9966044925736,-192.64971495463968
380.67969958572644,260.01607404330684,-190.2305700266152
-92.34858068984545,-313.69411354009833,-189.68805854424443
466.2558457614298,451.03523664619206,-189.47079254467758
500.36323035916985,439.9279922656432,-188.97253195954107
96.66663535926591,126.22832600571132,-187.404521521711
159.3877832454392,509.21768093422816,-186.86403453109077
451.9877082170091,333.38671457435817,-186.03742049829654
-334.39858050438295,120.3000251704782,-184.73338074499645
197.12003157529693,293.6263831487272,-183.61193345299284
205.8621636620578,-431.26546096028756,-182.84158966578383
456.13234476835123,423.4050727739385,-181.68151663627117
-397.94059467873853,408.65649356789436,-181.33547350715762
118.34732922626836,345.12451536332355,-178.5432294604207
-153.08047114208455,486.2993885623001,-175.53343685861833
266.5022850599654,483.3646796129103,-175.52897515659095
487.98448567536684,408.40272622315865,-174.9514232652354
440.0306606379477,-70.28152747071829,-174.7557876576789
-83.95383100214661,468.023112880074,-174.57389741705043
453.736979216127,363.71564557534714,-171.81945780722765
-193.77866465294971,-113.45220116899532,-171.65780005350828
-16.80451358182313,429.3883346719126,-170.6145886487069
479.34687097574476,398.4867402717981,-170.20064615056828
219.8135150901171,504.2291487056998,-169.90030912755515
440.22113840241445,424.9343016747938,-168.2420007069474
490.7370975602196,411.63584131538073,-167.89762532064202
-210.59283472916172,308.46083486875955,-166.51464426395586
-195.99017884323155,40.31462247969273,-165.70900038260754
87.91726111500088,367.59849288359135,-164.70693831151095
-292.13190093188064,253.13624396493333,-162.7853812479689
261.87521139788976,493.65025965086556,-162.3677994194572
468.55128131227093,452.77752282595463,-162.16786485726425
206.9976245731009,-26.164537642145092,-161.7578487257437
-92.5564191525574,165.82254204462936,-161.5180021780203
-14.102093905690708,428.77936629584815,-161.11851158807596
495.90115256401396,434.5624248200959,-161.03947783812077
102.71881469834898,354.31704778660696,-160.3777734119516
-96.30773137305039,366.3786982136661,-159.97914249429118
429.47018893084874,484.85930400105474,-158.07563920732008
221.44217322579664,-5.797190108727136,-157.84800560212193
490.22969565165033,411.41252110271125,-157.3010811116627
474.524534815342,459.8058579089359,-157.0308386482277
499.49243709900816,361.7673890448083,-156.25333382254098
105.27379535953673,-351.785330228088,-155.67894770534875
-215.22063933894094,448.4750216636053,-155.50453198088584
-198.56925172062813,435.26384848216765,-155.43526857377003
-237.08532589609968,457.38866681501565,-154.52247017016674
-365.1748276550006,155.75225268783026,-154.23261046161713
-106.62357046836144,368.25424981730066,-152.74280791848952
467.7641535995674,436.1490635291425,-152.60632735668247
-216.64606282463524,448.9357010929116,-152.1035827820235
456.4606352908195,397.10123542605527,-150.76512648142904
482.7679199030721,420.8920852235361,-150.07275910604284
-209.4666088362377,443.94391578548766,-149.55022264596084
299.22103368774265,72.2393118019844,-148.89311585402038
-177.97022055037917,51.369974213828414,-148.7858088894663
-349.89907741445575,-142.47905141155513,-148.20146758807192
465.59485335102625,448.844699214829,-146.66306152049128
-150.60117291527075,488.2525671491893,-146.24055120240905
367.160365149001,376.568960218191,-145.5036151191287
-460.57322606617083,438.933281394847,-144.1922168860231
-90.11771622072195,-323.0917178811526,-142.04745566218213
490.97451534550316,412.7308696289093,-140.85400311154257
104.50862450265868,356.0459398508864,-140.4932869139409
488.2615613239785,409.7970270407445,-140.24554902039438
-434.0923491503298,330.92545151811237,-139.69111671120805
265.2438881263445,470.14182490275414,-137.9434265249153
347.893605225128,445.80416394281156,-137.8058061520351
476.9544624487895,396.6074207574279,-137.1906837159811
498.33247525309207,436.7078416097578,-136.94019610718232
-170.16617205239197,274.3839246684465,-136.3572520191986
-192.59237781630725,300.3043481501908,-135.59423378905038
467.6097864034351,450.7393426139337,-135.1263423172228
444.72298433861056,411.54103993567037,-133.88581345897865
11.798605975187456,418.7091962276604,-133.75596243302033
-228.08766281828463,-446.04696910627035,-133.6733051655685
462.143358546992,444.53387838580636,-132.98713205459615
-377.9851290287145,-431.26546096028756,-132.35605264942492
167.33690252264148,-68.00826760731343,-132.28067360857654
365.13845329373373,375.2285665465955,-131.90506230665105
474.2357388313076,458.5930153201497,-131.78705571572215
72.3779338223012,123.84666704141546,-130.8732389936806
492.3599102898618,414.5365739467161,-130.38363142029914
492.3599102898618,414.5365739467161,-130.38363142029914
-1.9215807280818353,425.3482178702195,-129.9884456127674
325.5780629765128,436.1079205115702,-129.35240237336706
-58.74352699853239,353.4130777685274,-129.3008720765657
494.77794387918516,417.0877401040178,-129.04784384613197
-13.243940419211299,139.97580839806244,-128.84713400131858
-206.7919684416596,309.9909804551321,-126.61323128878351
231.95667587487765,-43.42328095619712,-126.58167122041216
-413.056400425213,-201.59978200978912,-125.15143860469915
63.38406711533719,118.3748287158835,-124.9907874982359
-463.7382714379181,440.1153878676695,-124.93603055378674
-276.92553853979155,235.52587916012203,-124.81687583437738
206.45353535471622,310.53487767341176,-123.41217077103474
-475.09023621779295,264.0131582941017,-122.90818023697248
73.90626726638186,-431.26546096028756,-122.20566140968407
481.2026617688091,418.7796010343433,-121.76429913667386
398.5094837379912,469.1337860676381,-121.62334705570504
-1.9215807280818353,426.17668188111156,-121.55659855690735
395.3077579672156,467.4930431579236,-120.32032834122253
-74.9533854444237,-269.2430574914126,-119.40269638362754
-136.44003252457384,486.9456252331207,-119.16272424148252
490.22969565165033,427.6822214212417,-118.7898262328581
-374.5429364308412,66.23351447873358,-118.1558166946469
-114.4779190178657,-42.59147293166029,-117.6672318839407
-129.07866741314592,232.51512109419718,-115.554759955762
-35.65328755071596,39.63150123540004,-113.93050116995292
417.9480927684583,480.86146586824964,-112.88701326691233
494.19815255514607,417.04150193093983,-112.0969805735154
-125.73768869852574,233.10520657129018,-109.88033636908105
250.66456944149672,294.1278397826652,-109.14343028271563
490.3486292198745,354.228255047586,-107.74852592935154
380.87722449077785,436.7078416097578,-107.53175749194185
422.1032254957131,409.0609789523354,-106.50511298500524
-197.30670444075315,35.61455535018649,-105.63987852566916
-31.13175271741136,38.368933926750856,-105.38244744545537
428.3075696268471,325.398047983869,-103.3730404414253
205.692919319902,-507.235735896587,-102.805969922058
369.4690927834398,411.3988144776722,-101.2900372768394
476.3045443001954,460.05622564332396,-99.54684115116544
-122.08163405609321,100.24929865848321,-99.49553011708005
510.6659181787853,432.837869908534,-99.09042492611633
508.93726540104944,240.568040078958,-99.03471894063631
-152.21838978519042,381.58030922347405,-98.46979343025944
166.80374075549935,-398.1468510960872,-98.08711609528548
485.04404634297475,407.608328661889,-97.88684670806555
511.09306319613563,367.94905264131273,-96.39938123657478
-143.08030186986917,118.3748287158835,-94.50104852490493
446.3600131331982,427.8189135884528,-93.13080448121917
437.80668898221575,224.8227166224451,-92.89076688239135
3.1364528776334737,426.50916901842606,-92.62980462059217
-80.31991186711252,153.86412243990367,-92.24941458618596
398.1409862234402,289.23045871559714,-91.83281927002747
66.64082776436783,398.4867402717981,-87.09399728786275
380.52477487028943,-143.16916659389756,-85.9583311977162
488.7984450809597,425.3893465378842,-85.57853808224218
456.08256287957386,436.288049476365,-83.54583618530557
479.49430421089187,401.5702116111246,-83.41165395750033
-299.572995239296,322.79803702241566,-81.99813735180012
-323.822540735801,462.62715881092686,-79.10478016088545
478.66555073555116,186.22624236863135,-78.15691909336343
-224.2834326344123,319.48345281736886,-77.89673026206584
409.0050203893836,484.0767693545687,-76.91660912614395
-344.63945755859703,112.08943962214698,-75.08326795144413
-199.58930714976105,223.9282200103671,-74.6118145969315
507.626065357671,445.88343220526974,-74.26069624471842
505.9844582135846,363.67863098469024,-74.00201528429619
-184.07388505636152,409.0990297738832,-73.41806778005906
29.927420806711893,113.41931911478366,-73.24653231186178
-323.6739452512027,318.0333326945723,-72.53004341539202
481.6306353222832,417.96489996437185,-71.4423330126308
-101.14761358825399,481.81874839882994,-67.93156939326458
491.523901293217,415.893121234016,-66.57823939551474
-379.2309237276835,474.5575991793735,-66.50172246120445
457.3947382260134,436.7078416097578,-65.51427122541122
405.4215447240973,396.13785761832946,-65.50280644176001
146.1910182216061,-120.5971554038963,-65.05051114926593
458.7000567777401,437.9709969312655,-64.73085372440642
-308.3428548438061,264.47409420120414,-64.70172260753974
-475.66054805682586,275.04142410842826,-64.47797230259891
257.0406521500794,478.77059425701236,-64.3450196654625
214.37456198057748,115.59212937210157,-62.775798927308784
481.9185987579307,466.06859551938214,-62.10568809868664
169.69911802302875,353.94039609861034,-61.72181556683627
-150.63460594791707,123.84666704141546,-61.36981742955484
-44.72553155675661,-119.87502352897246,-60.9884160866497
-405.44700699111354,500.55839273868435,-59.01094031242371
-108.26947401078837,-473.0017625336536,-58.836945347496865
105.42171693931846,53.15007306091877,-58.73404210104417
462.23352753168524,433.66578797472926,-58.29580981396299
-493.29481267238737,317.8413999198358,-58.198404352196576
-117.02335439639421,363.1710378617199,-56.788876493324395
206.17289989173776,349.16863898181236,-56.528563032791055
-251.94794102483002,453.721279802205,-56.401656844846855
160.9267083138791,-53.77466356999264,-55.17925013146527
264.66117801067594,-280.6232434947161,-53.40645218148684
377.35618738583,436.8223625264392,-52.97546820452891
416.22619444091606,486.2993885623001,-51.55235816341366
-456.28607483120277,-336.81731377004303,-50.847336996907075
-208.89520685821424,432.42663149686575,-49.592700500143195
398.08345650621925,350.293746395899,-49.2023520927342
251.98391828850356,484.95309317037413,-47.9689802305862
456.4606352908195,428.04515774777644,-46.83253212482305
-136.7140045805711,-207.11738051614736,-46.21402799019663
248.24613682544623,296.25411133418515,-46.181488814133104
-197.34376480137342,81.12654939080176,-46.002664612548614
463.3905049076643,435.52969400141524,-45.17830895017818
337.0400003299537,436.8223625264392,-45.178192803631845
387.3809024609319,344.09119266892037,-44.94109146183234
444.72298433861056,424.53938161803705,-43.76583979045034
462.23352753168524,434.4877629592928,-43.34790264967859
-333.74621711287415,318.62131469822737,-42.63647786935138
-326.0587110764196,296.74470961037514,-42.47321967744588
-163.38732223002,383.4408560728939,-38.20099255039807
506.8591442369757,431.44277385026305,-36.483045839963154
461.4511170840775,434.23990879855364,-35.66310847624453
-170.16617205239197,289.37387996640075,-35.522435136691215
-139.08559330163155,368.39703312584834,-35.33476225120039
-283.9176238727506,206.10919303827473,-35.19815698514242
-69.73894716604104,348.9995896908481,-32.881856955954234
-48.050401618079434,-66.43993309960604,-32.71825066184079
-255.74745787219763,222.01055801190773,-32.461771548958325
147.66993912787416,355.2812913022452,-32.147895068861104
348.99314536320753,-162.9104859457599,-31.73022652535458
498.80642177172933,424.517790162647,-31.49762133219133
-87.27412575275503,480.1059601395598,-31.30054765039298
458.99779010500606,435.91748723998137,-31.166333207261857
-95.63614164132207,-47.57382310771874,-30.19894669800127
458.41484194975385,240.44344275937158,-29.91441837198741
50.88710876403388,89.0489817560807,-29.13336316583009
98.91389438131614,376.568960218191,-28.418941878265713
358.7599578756342,78.4504850056885,-27.28499750287233
486.3195855893089,455.77262290378394,-27.274517839083785
269.218070615942,423.0743793484636,-26.39007496621838
483.0451081603617,408.22636438147083,-25.109195601044917
460.5001023513488,436.4201719797336,-24.18852349245418
-304.06207184495327,-3.207101962936065,-23.671077515014247
510.6659181787853,435.0828937853871,-22.24900158417114
472.73563625785937,451.869848000434,-21.719551947093066
456.4606352908195,430.17017496094024,-21.7080743400532
476.0884090056761,399.7423197895653,-21.641233855904943
486.9004611494711,421.3652217204144,-21.132663476087146
465.0446834019144,439.25759333951873,-21.09796559581764
240.79319587820157,-50.670267605566096,-21.077962604339774
-377.9651526834274,398.4867402717981,-19.683668890243922
-181.21731956458257,399.2973267672073,-19.464984026476326
-446.0066237094321,444.00926445891184,-19.38155112635394
508.6449309027156,433.5498885625159,-18.481703240332934
453.8841285303896,429.9533670697084,-17.85367728999836
477.6469843997312,449.1842478336878,-16.907452051152916
415.78421519565654,497.6950732720478,-16.59393438180996
325.01972574680644,-378.07387187780057,-16.497651926630624
-392.2946931513086,-86.85742793583375,-16.381872348526294
-336.767014229561,310.6740919812961,-16.107406839304247
-210.3866101216904,320.4163037782814,-15.636486464207422
505.5429430392377,441.91918988298994,-14.780270800661526
509.413970598629,434.3351439386763,-13.93891967858832
447.19738599446885,424.8843577189982,-13.58915450006998
162.4343470237352,-44.44986566635578,-13.369244053682474
-298.23797951477945,234.16169654733415,-13.104563253606443
-371.4228043595292,465.5287583518259,-11.69189965734546
-102.99511834012367,486.41683055817794,-10.810502825247891
-93.18507639519191,58.50857795212778,-10.7302099028785
-193.89037305949,412.90386289716514,-10.234304740457333
-20.327749182406478,125.33744292902134,-9.217951546308694
488.10538504602516,414.9357192442104,-8.893808326529609
216.1644636412584,308.04716679401884,-8.762370450414949
415.370185896374,215.03144064297226,-6.239810201573107
405.9303035484995,-133.27559495820515,-6.186523500924821
-58.65955612628386,-17.76913477176106,-6.123036631277278
3.083474397298687,-61.987338195307984,-4.753833308762795
442.56034984046175,498.6522093112542,-4.7101735820701265
478.94085900756977,404.1852460552292,-4.572890272866573
506.8591442369757,432.60831618295276,-4.063749297026845
105.19696099913017,373.8408349000898,-4.024566523699306
481.7908291248028,415.79853419668325,-3.770045539624334
-36.787774373317006,-280.79950877855754,-3.561753450500092
-21.301595061499484,212.24179800915363,-3.150293985418603
-356.42112748207376,461.3442295528721,-3.106247301513406
49.73424087373621,-78.50270637228209,-3.0147790511623747
18.9549488462377,-29.821257858070055,-2.9561670358603767
-365.1748276550006,377.54727959319814,-2.039511035175316
-96.42972260387899,79.43619180717621,-1.5755606222879095
419.22350369042624,493.14562553486155,-1.4032878136106888
-497.83332111241134,446.42512261081686,-1.1099182935498817
-197.34376480137342,-145.35337937657198,-0.9890788549024592
-323.6739452512027,331.4447221917703,0.36441604573207087
506.46706766114187,432.46571283269043,0.4188527650701417
322.6159098433543,429.165096176513,1.2611197750510712
-127.3525931978628,493.65025965086556,1.75293286103107
122.06983569948534,29.688389307305783,3.164356624185075
-57.11725877157443,3.756626447044596,3.9189364265140725
429.6064165021389,224.11210195416174,4.267797469249887
49.9771604135625,77.79906388072504,5.193002821472923
-111.50820182944472,356.7759991741385,5.3488432930043075
105.31316347322354,81.12654939080176,6.411862806928781
-32.61325453148095,-70.81754867027291,6.923550563185409
480.84667757712043,407.2870647974863,7.460961658035842
480.85742590577354,461.6279462542909,7.941144390449438
337.0400003299537,129.0113376953999,8.529532378011773
447.964007042159,422.0062489744321,8.711044386871322
444.72298433861056,421.63540589028105,9.193560285676483
18.72223467093204,-39.4544254668524,9.973141059028572
337.1095161142583,-403.6540540180073,10.325984526898083
478.07940997070193,403.87982510699305,10.41314102880483
-303.28137307335726,330.46636815422744,10.682332960269804
481.4010861926258,408.22636438147083,11.027124013759305
-371.4228043595292,391.0715505811347,12.014054559573566
480.9277252313992,452.85579989208304,12.408147309922413
-367.3642652598826,383.73851887398325,13.011615296766266
490.63430764003374,423.0339115329584,13.648514505691537
510.1789464327834,435.988611295744,15.312585248160417
421.40399383383647,386.1547348943824,15.392527733607594
350.74130273539276,438.933281394847,15.513108694648679
491.5348055263403,423.76932583904204,15.820720035467446
-215.28407900856507,104.08364033743715,16.02573810642206
505.9844582135846,441.39950241548775,16.736875719226987
-469.10473271844023,-34.89414329841486,16.989501301944895
81.06562184557754,38.93244859372476,18.009242531139762
481.01405639996403,408.22636438147083,18.05810838174716
274.74662083031217,416.2858434739911,18.449739662894586
493.4767287930897,425.3658245893597,20.685364422165662
-19.107929198592842,58.74500694536539,20.70469656566487
480.84677018171703,408.22636438147083,20.91026156965563
479.5275304346395,412.556186615775,21.143731976273216
306.0472043616646,326.8021590401622,22.030533337355678
-49.899346633135224,-105.84832096049274,23.19600316918852
-323.6739452512027,134.2832975699489,23.55113405808885
248.46774056865843,-315.23988605133513,23.675411389607945
-248.36275665521168,-142.47905141155513,24.24520306184165
501.41105990109725,435.2201946568665,24.33700244745387
87.71875164521998,40.31462247969273,26.250290495561458
510.6676882201167,436.792605584385,26.522040542422474
479.7539403948663,407.29568760494965,27.613042262043336
-164.4212938673977,508.09699378483333,28.48380508905271
119.0224808158971,367.59849288359135,29.279245339645655
481.6306353222832,410.126773891007,29.38845171888255
-186.2518014758724,16.278108076205854,29.78848638078382
15.731098446752526,196.96762655576492,30.290500139235405
-106.4489459872326,-340.68164496133363,30.395861812045894
153.04823548018726,118.40128935044629,30.4133042695679
342.44250874988893,435.2293198740862,30.718586109083077
-362.2426766751365,376.86295564704517,30.944440432951914
58.37333894304663,415.97694826580266,33.41022591493046
501.79818340072916,430.6517737817934,33.684846658319316
437.7324340858521,348.2335548469483,33.83815606878703
480.7877071163135,409.5850869419945,34.740098752526194
36.4533780575357,191.30189278594003,36.0024271657637
-323.6739452512027,-14.646707610299245,36.19388545175694
122.06983569948534,510.26579537661223,36.68477204191163
444.72298433861056,-86.41844627416185,37.640508620867706
435.0769079332566,404.347621425229,37.641023970083324
101.70571952027854,240.44344275937158,37.932927322332304
-347.18032619054327,104.08364033743715,38.28345486613094
479.579849039167,408.365322077429,39.55982959950029
505.9844582135846,433.967619224269,39.77066400613313
499.99477410009774,430.9223128892311,40.16808955378883
-161.28029882687417,372.5608945864474,40.1757868212583
505.26006040751895,433.5717707957443,41.42702808032453
477.81068155416165,409.76868683439454,41.636962058111806
151.63776164503304,360.73703407721496,43.6001460508342
-371.4441215753243,224.8227166224451,45.19429297069374
68.49911415877625,412.16435094804865,46.67886482716037
138.68468825004516,123.16710467926703,47.26322585637075
320.8539964918566,330.82797462787437,47.43002598722546
-30.8678009206468,123.84666704141546,47.84174603221095
402.95935099776136,277.3651193099241,48.118849619663735
503.46356527723583,433.08532757692967,48.465229345032526
502.6316478360451,357.4597086291918,48.50890752495911
-48.1551676205321,469.01934614304525,49.46639483927293
221.4751732698852,309.9031383948744,49.63047483822916
510.6676882201167,437.7904323795062,50.207860511254125
326.3349518494756,116.39876042348283,50.44927875087498
476.55924579987266,404.9927995738651,51.68424628413027
-375.72739944927514,459.7965373357729,51.7710796546927
347.893605225128,378.22837853385397,53.75300680121427
-36.83451121422854,-202.53639197025268,54.07493525309069
471.91286289839036,398.03546894679573,54.97072776153772
12.796153531175264,-129.93192148591743,56.4148400835514
-230.35028323224992,437.43002942658757,56.660568398006944
439.732651080154,351.98898381022445,57.15301089327319
-233.95059710672115,-222.15660168917145,57.79776071064708
54.77095848481781,420.10782589735936,59.36507403868639
-410.05564474870994,444.73940375670225,59.48829969973144
-163.7624138234612,-346.65457312862,60.00867406469297
-146.52651297615853,273.6225732688172,60.326683372362645
-334.8243823714132,-21.32672589575634,61.560605359035016
-420.10579196580954,-401.82377308312016,62.06606552193426
36.24010129546093,52.78240614465153,62.8527718100247
-191.71220055029698,401.58388616979835,63.39309488347244
-9.316120752941401,-111.99294018277476,65.90065042394602
-293.5336428082002,452.55149818706127,66.41365876518495
-34.88151816894276,123.55581624998433,66.8276877098901
-331.4091980158179,227.4366970872186,67.00200261114995
341.96806631524396,350.3890230778758,68.36278109109554
36.72408909963542,77.99284391635024,68.79340898271457
-230.96577644481272,436.66172032247164,70.2895959902124
-385.68638322340803,460.0209507820198,71.88287114141804
-364.3058071374819,455.601518805606,73.0919953770051
-152.28409902930593,-345.3465549395686,73.1764784504942
223.65680227027042,186.9600949212172,74.08648801861425
502.43510765292694,356.45629650998285,74.51748527021726
185.31677151517556,364.9620427256999,74.90402206022951
-148.27265951072752,-446.04696910627035,75.31204487913513
5.473931122599311,206.6706479667705,76.373147342173
-90.7353125449024,134.46236767349274,77.70729660754446
472.0522513230608,255.5989660810626,78.09950348913367
510.4541346026724,299.671030168485,78.42498141123566
511.09149706679136,226.92221420774672,78.4966194207997
-84.2719858696804,344.3152664148831,78.93720250032462
249.7720334339914,459.83117631386153,79.14796779676486
-370.46830131612614,398.82980948881357,79.60631395936463
-102.99216502966465,348.8302960267396,79.78827807202998
223.32411533872187,332.4446992443736,80.07792140724541
-413.056400425213,493.9101570959997,80.23661807872548
-95.63614164132207,-87.59452816411738,87.62265307800004
439.82122540325656,501.83106442479414,87.8539076675919
427.0627188027049,406.86137703581403,89.03834713197523
455.23508922951805,508.3751793596301,90.27742392685613
469.1166950891577,401.0249853706255,90.32135785306366
-137.71376311954452,355.567561191247,90.41502433322722
98.79071412358041,392.5761599562195,90.78401859191892
-178.6875086564571,382.1752571050662,90.87741642184687
-366.16061113472654,392.5761599562195,92.43797133551212
11.676323492964116,439.493324742716,93.0796613094023
-37.42091631243818,466.7503078292241,93.96596831897857
-343.24956308193543,356.76916224501247,94.27224226042864
-334.26412375370955,452.6803864296552,97.96629005627446
-398.6554873910875,449.5281302532303,98.5955363903658
217.78886573174464,366.5588071803579,99.55796606786842
-378.93778859734107,452.85579989208304,100.06780749292454
-116.68989353034237,349.7818193993854,101.27270992039561
296.7301971681662,326.6671916392736,102.03801683193961
507.5966196112563,219.43007554111034,104.23160633160306
486.29541821994485,462.62715881092686,104.24941952813714
350.0694297371281,433.1005370988697,107.02471964004482
351.36365539938356,433.31516336705,107.15639326540773
509.5749967113626,222.13345202671144,108.38459695495064
293.36667809831636,265.4707309692824,109.57439556640969
-197.34376480137342,210.6427595837133,110.29294710001885
-246.48568935030232,161.46347425558884,111.39748107036024
223.2576130680202,483.1227327545396,111.56408718763417
78.29783943237078,413.43651035055416,111.94196642306655
187.8347453196576,-320.6316882806982,112.05101770490411
103.71098559331301,42.77792173525688,113.22192376336183
-56.13266914460087,-212.6276598226715,113.25747819722977
457.14435929501417,392.33180797448927,116.2078919369198
369.0366158010255,316.1120146753466,118.58648075687668
-49.899346633135224,-218.10945434564906,119.65683385817137
326.03931454686835,350.1227150713811,121.68569871783069
487.2082717657146,345.12451536332355,124.47990262394607
155.03743451102082,184.69855266202865,124.77609559519962
-106.4489459872326,-450.94707844890206,124.8694329016161
361.80566431958346,425.5140356667906,125.28697356541548
-448.1617928783197,-26.164537642145092,126.57138013512268
220.31621232925818,370.36079002047234,126.61431383156699
416.60456926819313,323.6701307869034,127.66403817999773
-409.2459576413178,475.04036447751776,128.13691341104845
224.82260170841937,367.0006426470484,128.8238788334367
138.68468825004516,-33.1495555744803,132.36642595875716
-33.1584985772198,110.18809851530534,133.53705293795875
-170.40961529759727,314.47859722285784,136.55812432449142
33.656698789329766,205.5749195918729,137.16703946942704
-187.28098431511455,385.73710414738696,139.1860515799101
-363.9149691585899,310.02652799238194,139.69476239433772
-438.3789639932521,317.97325062357663,142.2151584099836
97.57375628295392,35.10485085295238,143.5130573111752
327.22106241844597,424.3044193189828,144.10941812583346
-123.82466691070238,-180.03633396827388,144.17470129637016
229.49587660295447,315.57565828061183,144.9682531928343
301.23246168356536,271.34151733763315,147.7387686790192
324.70555047007883,423.2178626527177,148.10992761964778
5.141353020748056,-273.8178333687306,149.41369370315164
426.3867258683721,403.68538281532165,149.7412552544771
-370.5561753610175,444.29809934173386,152.68039473660343
505.9844582135846,493.19991905384495,153.0101458781991
259.23996503647015,401.97716869173803,153.32375139444898
-200.44372176777813,401.071971485792,154.06258471896447
-178.8650129009509,372.2678266756236,154.38287806616916
-438.3789639932521,233.86346996751,154.61202005004486
-441.5424059601773,242.71578309561198,155.56227060278104
-413.056400425213,472.73965792667866,157.94448152166393
-227.70039342731718,104.08364033743715,158.20403307305685
165.60034224411288,368.98605347044145,158.76023805691574
-395.0590638267712,32.60146555003803,159.07099963952516
246.78726923811655,415.96017277416684,159.42208584646565
-107.97937765502411,259.1086586529219,159.58188310172957
297.01434428553443,279.52653596398534,159.72093406512377
352.008503575893,429.17295453953966,160.56525676050705
-214.45440334897484,-189.7668737338115,160.71140110097446
461.4606625706476,389.60425328462975,163.04785476484415
12.92572580356989,445.41647206564403,165.07099575944386
-417.84632440612063,463.05793512746277,167.69387087449223
-167.69623017699496,-357.7126126505583,168.06628658108082
-425.4697673122331,504.6962151259961,168.09797708724705
-412.7306437063147,6.896860898543423,168.4434319809314
69.4975129872796,425.0075952043485,169.47383772310565
-107.76931815659759,30.83662828745321,170.42903837031452
425.71142499107225,-133.69999133183683,171.7686935700532
376.92803493314295,336.79953818270565,171.81944851402093
105.71309542462086,223.97981712359183,174.16181867265414
-308.3428548438061,33.28868598012548,175.30698218919483
-142.8442985939056,346.74258954425613,175.81287793907234
131.33055621901974,375.9097388591623,176.14455875752907
505.40366567637216,354.53692632693617,177.66762056422044
451.9877082170091,319.55029457964247,178.90741671972518
425.60628450691877,397.30023829977665,180.3405786398437
472.38471205791984,260.99474458238683,180.39175050795316
-371.084941639882,421.3652217204144,180.6267904055564
-185.15330390136933,375.60130373470247,181.19519071231804
325.5780629765128,289.7381072988127,182.68124819846955
-450.37451446689107,232.11763444062444,185.9464006640545
6.8101372492760675,450.2163370590374,187.05111210740478
-93.7127505861855,-219.01145516318627,187.254369097827
132.72783148931387,376.568960218191,189.8723707037666
-169.4518447299514,353.94039609861034,190.35280790096158
456.4606352908195,322.3895907940448,191.46624907819717
92.95884060208664,412.365833146451,193.39526532369288
226.97976270856486,383.8277461304523,194.60422821425308
-128.80267215444587,274.7893392564324,195.00901670380588
183.72894388653413,176.43077444872813,195.14726780952395
-496.78042056373357,-80.69226785935587,195.89134915629498
-92.76655631169251,258.242288111681,196.2412315095501
63.42141588174309,240.44344275937158,196.67384758487896
240.4937038337372,394.828026981737,196.94841513347353
-220.58909970837476,339.18400458376493,197.22608255619332
-348.38409389926676,376.38960318770876,198.04235680296375
-438.5539039050642,226.40375552374348,198.1162689344089
-302.7653876580621,445.88343220526974,198.4464683867683
208.31059044635322,379.50569406415616,201.08445008251906
-292.34868757272,342.6890706756028,203.2313892944789
341.96806631524396,-306.31205355370867,203.25182242378827
409.9824121823815,375.76777189494476,205.20812871536378
-495.013126341688,134.46236767349274,205.63526979778612
-351.1843367368316,381.74647950740575,205.84102210537588
126.0372846627738,382.12730077811693,207.3604395709241
-464.3358492720528,286.05335277282404,210.18187869670004
57.98433094389077,433.9158264776976,210.18406270591356
62.82818257665724,226.45059440086857,210.50653090016093
171.13366066067692,-345.3465549395686,214.24416601726182
113.1640363144536,220.70585748060876,214.84198203762062
-170.94353291815446,342.34392159379365,214.84635501462995
-168.4754713668168,337.26934629420805,215.66692090721193
-209.2612566735994,-306.92254376912217,217.77579618362037
336.9900566502123,423.3908947403487,219.27556768197513
-165.75724940658154,186.19373228900486,219.7634810814269
162.61800850513487,373.47737932391885,223.1573591532346
-180.80603231816553,354.19213791742254,223.87704151110526
124.40788241691473,222.06313329249588,226.4452518774033
246.1717642194941,382.1505594912545,226.57399439570293
233.1308454040053,398.46450276538576,229.3073654014495
-309.3288196303506,348.55811428429456,232.05446758458294
410.24179416783977,376.75709460119594,232.48290128350567
234.95481374837163,460.7705607759582,234.74820540312666
-272.2588651009815,-260.441001588032,235.1509258845882
421.40399383383647,395.4611504623797,236.03022569113477
245.7587837595139,378.85852661455067,236.63922196642972
98.20343836695258,-467.1681515668557,237.67025708388317
158.5623021310587,138.98553395760803,239.0370580512564
-419.13899181673423,313.7654136821543,239.05830860336397
510.6676882201167,497.31274816399457,239.06815375596062
348.9281058134435,421.98225949523055,240.15146460787668
-349.6316883025896,383.88932547925754,240.45405247155773
337.0400003299537,422.12309947589745,240.61070642837387
52.78960648344491,232.676839207817,241.42433505132877
442.5916345529537,242.1700747941993,243.08444537686972
-497.6407755510292,112.56147385206282,243.6406284354984
37.76055185267512,-450.1307960442149,243.95463288313846
60.28496112803509,436.8223625264392,244.57213170721718
121.26217403925921,390.32294361431343,245.5727157048203
384.9435811094404,8.107818041411974,245.95979718923687
366.52397290868305,360.8229554490141,245.99519869545622
-151.75136486497024,316.7800172867644,246.9316133383312
2.6975993200646826,233.41417147114203,249.23153227810323
121.26799403496705,486.1023000155777,249.29480036594256
-58.744616962704754,491.2256118338779,251.08052029487303
417.42368044256364,394.5025996829344,251.30389482591724
-359.9210310128509,431.35040226328294,252.4256869721356
-347.10287737705187,237.40094658799785,252.89801243924708
447.2489996675117,381.2423765228408,253.36496446642528
-142.37514473098247,332.9585591749915,255.5322397293943
337.0400003299537,300.40507539883197,256.0391050541155
-449.3388564731654,-253.9320375117104,256.1071722140142
-195.17150842624983,375.46961368638335,256.3268808362071
-200.59169709231287,385.73710414738696,256.90616399345754
290.5504570605791,143.2197496964833,258.73161781515546
433.3063333326203,371.3621210639013,259.1626928454626
291.1487391196432,404.427638122277,263.25454344612285
96.20419419166444,-280.98549892932067,265.34999438013915
228.2732697498343,-113.33588244959049,265.89137704777204
-427.3185699285044,485.585152165939,266.02559612601135
31.454956303453173,258.74950188212506,266.9252416129389
-155.3331150387129,-431.26546096028756,268.53077557838355
-5.066702557418466,273.6225732688172,268.6338905855317
-499.68776903609285,110.03646568617455,269.44353092966725
-485.9791978982056,201.4953844281291,270.64103931295557
213.21867389945282,389.0902246170732,270.93650632740236
-30.95534611383698,291.5888832624645,271.0299713348513
-171.41242704557885,-431.26546096028756,272.24630229414186
62.25630249878998,439.45654544102285,273.60022390877344
-145.14393013051983,322.519001059238,276.1657374285164
-110.4559735963951,331.4000068974267,276.7416341215504
112.2028590955789,404.347621425229,277.4507032502645
-253.04003060694367,344.6984089025549,278.25516709606006
449.354471437809,380.6356211167297,279.1989360774663
206.9976245731009,187.7752961997221,279.2575879550097
-357.93713156150704,426.3968283968635,280.31625254866077
-382.39309588002334,306.9211943953253,280.49438612171434
280.56566760517455,398.4867402717981,280.7282907746748
500.94389354585894,347.7724549603304,280.94603899335624
316.48913025724755,154.42962897103507,281.8897880015198
-46.809000097972216,488.74698736982225,282.2905450672444
-349.89907741445575,434.51026362403854,283.00474544971223
-455.7516108643428,-48.29005888380925,284.7975821244883
269.00658816184284,391.9576451525312,284.9417487670714
-354.55528266138435,291.5385036352511,284.95463154035497
240.71807205785774,350.7139945917746,285.6833736111187
-285.38417620558243,439.25759333951873,285.99553120238807
105.19696099913017,493.0641426333216,287.4217883392097
510.6676882201167,352.1994058823832,288.48660633110217
416.1964033797341,391.2421104000382,290.61655598168204
216.79297005686772,394.2577451949554,294.3334134867375
417.19907878832316,230.30662689239716,295.37869273286077
444.72298433861056,378.0533275769601,297.412583728433
347.893605225128,412.7799946973182,299.01680228456127
179.49046717707915,380.55307930114407,299.9313969769419
-245.2997272191201,426.39882556219936,301.2134368527453
-331.2349859507384,367.59849288359135,301.65618195414896
347.4351706193943,404.6379908626327,301.7236835612141
-117.78729537295123,328.2910275744089,302.7125982111287
241.63359400170953,348.26648920502896,303.7414933455138
-441.822602053596,260.2360640917673,306.624113319532
-340.8695413938341,435.55107021037395,307.3762857186242
4.278706625016071,463.259058572938,308.8577215883448
114.22405947196057,407.09541466773885,309.3274647326794
-347.6715059260455,432.04418881948993,310.2588733906089
-424.62344973682775,-235.25739053230166,312.05053337113975
-403.5589569466457,-5.797190108727136,312.22340856205614
444.72298433861056,308.94790236336564,313.5003736048461
-336.9050689834761,375.037713771428,314.13467618125435
61.5545794108549,444.6722480172401,316.07967196876615
-67.50222041548534,313.48813069955895,317.0012306748771
-134.83537595901737,307.5690095733779,317.40756753278936
308.20835829476255,283.934482421575,318.48082654590235
107.82957847801163,484.95479380992117,319.5857826960175
-347.7304608763335,430.2855211959276,321.740539567767
-39.42070459275146,489.0634188554925,322.50803655455053
346.20865485125705,409.82661646506426,323.0672250572959
461.59653262329107,116.08690286361832,324.62956112401787
-434.06412357044803,481.5758909732283,327.6325764836938
419.9997418561602,40.31462247969273,327.8272933359258
453.736979216127,-200.45282979791727,330.0888043231095
-132.33158425188583,313.89641285501443,330.10667525789825
115.18978223683769,477.4136967695338,330.40635987903
200.30092634204698,168.74578818124326,331.938188525123
68.45936715205426,445.1362582557002,333.19405179029616
-350.48588043098084,424.58826180030906,334.941845169302
-332.65287656756044,26.986379957745157,335.47157391293064
181.81971026104998,383.7227281944089,335.54170278844805
444.9155750991424,247.68537536383803,336.3150858293743
-312.4376869177364,357.90090450623677,336.4111295509475
-390.1775171646474,-39.437727987654625,339.8037859040785
138.4839506057882,388.85966381733624,340.9555782850151
225.82763394913206,455.37021356039054,341.64227633315056
447.19738599446885,-153.49685158459658,342.0944139973545
-450.51933379663575,467.6781069546487,342.752785775225
191.02638359537366,386.7464315071097,343.86634639590693
103.71312763161541,427.48662057724584,345.28366320280367
94.85419135989491,436.1616016604979,345.866635842644
-117.08809872964753,321.05559159382096,345.9620073820645
-125.49950624513872,316.9851154111061,346.2351030928878
495.80932606030217,152.74401689912008,346.65712910718196
0.7834579694048216,469.28732443846343,348.42047347658286
494.57848188311243,294.0479775244181,348.6387145560034
422.90685909853096,361.56204022564816,348.73184535511814
381.133206453815,65.84063889494564,348.9178907879091
457.23655150708805,108.31271394327246,349.82638152011566
-438.89456751756234,476.7435118063157,349.9352761520626
510.6676882201167,-54.06956417582637,352.46269747716536
197.63833913092492,-345.3465549395686,352.86269895224666
189.13825045014528,387.1764535028517,355.86471685231135
151.0250736811928,385.3794675074788,356.43150024883454
-312.3117563579216,89.41444818378125,357.2694332151422
-291.4197251218253,435.55107021037395,357.59505837867283
-438.3789639932521,479.78077426226434,359.2716854891371
-348.24318729830657,421.9016915305717,359.385501608297
417.73641361335694,-436.708843935819,359.501765810989
509.0589967925898,-56.7483566320426,360.8542530557656
32.964069453421416,457.1377530516313,361.38073558249926
-245.0218557636556,421.3652217204144,361.98094291960695
248.1345058269103,327.377937817545,363.9996658522915
442.79260420991864,372.0236287177172,364.47532829606547
-220.67172950640543,186.73711062132202,370.01870582415404
-121.69574995845778,303.56392875627637,370.226748699746
395.4873698687651,-476.26936025823784,372.751507676296
439.5125324246137,372.0236287177172,372.904420844136
427.81807837805457,97.61021608243038,372.9473887294549
221.00031471224884,411.23637639620927,373.1211274756718
-211.85362173636338,368.1056088488641,376.1840800414372
-182.47190263675384,173.27075029976743,377.1461061704416
60.33452803900889,452.85579989208304,377.1917176569033
398.9827696487682,235.24727973003678,379.6946570076108
-260.3306720888148,351.4173485386416,379.90480208615344
53.98668646350052,-473.0017625336536,380.0355293583748
414.91650778353574,354.53692632693617,381.2297938410678
268.7038552715285,383.3407203097904,382.2182394946406
-29.20336027657379,490.25103062059475,382.38938000743866
475.8772117489733,274.28966245788854,383.227689787706
434.5206954704207,243.55083938007374,383.8707894680151
435.5130776255728,244.18601443841203,385.4491201696617
-354.43947652527504,-345.3465549395686,385.6470839153802
-341.083510443936,391.357057070153,386.594637568792
86.18928446066798,450.25024180680543,387.2568266873412
-199.58930714976105,185.33070851303034,388.61341431122617
340.8750775663128,401.4851193962178,389.9728095702277
247.92524465433678,344.31331964414846,392.96423780453927
327.88997448361135,372.3159820611421,393.4479281087049
324.2625362491598,311.7823510515584,393.9412003562536
431.29439628576506,366.66036062708395,395.08211676466783
205.31940609589924,462.62715881092686,395.4661623168515
101.02136959841289,445.89904305660036,395.5219619407293
-103.8894122610202,311.8043254039942,396.68571570556037
68.89447405543353,455.46551134940273,401.2247059291622
139.8375788573453,461.3442295528721,402.1307316335134
-197.30670444075315,181.6080819510753,402.8512230872173
-475.4442166684504,465.7995670606533,404.12232894221717
95.88984491556391,474.5575991793735,404.15022989026596
378.3178086575963,25.90805525149301,404.6853674860889
367.18551918155765,330.59317853691755,405.5215677818675
151.09658199482158,390.25125708257235,407.2533067842638
425.4350720908958,345.0563689265384,407.8782668522906
75.64028310449419,456.3840576163602,408.10917843400034
105.19696099913017,454.86338602442424,409.6840945639952
-407.9358636212153,304.50818351685245,411.1094312873905
335.35951281504845,387.2690122558663,411.31701687477437
-451.7506335218793,473.47009872229796,411.63811203873865
264.91310540929237,327.31629789440206,413.90659847008885
-262.32707444703726,106.51692949074152,415.7218958459722
-86.57714930557472,303.26714128264837,416.83163323825505
402.47468091644214,244.11031001867286,420.8807474415721
-441.5424059601773,299.91039693885637,422.85384668536483
80.57911730543026,493.30656114842225,423.07890232392845
470.39308844427865,-136.58631902396542,425.0432832170979
363.2546696644355,327.0752829612586,427.57256811471933
327.16400707206674,408.0041589953015,429.0282192379218
-488.23902765063946,156.42358067077078,429.3933390728769
251.80404408140737,349.6159523185871,430.3629467230118
218.15848935440113,448.972421841086,431.52993802828746
-25.662634847516244,494.84556983037874,433.8133027417223
19.503855571426357,470.69151345107855,434.7918986589316
151.04347083330038,393.6899476103904,439.5778091085554
411.26629002274603,263.63234491168384,441.77170668474866
509.24117095248005,-68.49566647325281,450.0047068083821
445.33375493165784,253.31383407619728,453.8099535983837
126.79089524472147,420.57887681568116,454.09132153842813
128.12126397098166,418.2458372889314,455.48238419600074
507.1139592258959,326.66446958200277,463.57679151416403
75.36634386052663,482.6346250508984,465.06071229293747
-329.75461859214727,421.9891464039483,467.04451050360285
-337.38648284359806,405.62789500363226,467.8532356470048
410.8092946232075,240.44344275937158,467.9095932692514
74.27629055663056,480.0951061299173,468.9383615163437
469.42218860738114,-442.5307801076674,471.1205019896674
145.69698910407953,400.6484261058465,473.2860568742137
-223.52416423516786,-332.160602662403,474.12509392417235
-244.5606958246006,409.99949979494534,479.3600990060585
-444.0414358260514,-267.0491940913183,480.91132827987536
-478.13182124831167,469.88933952886396,484.50085956576936
-497.83332111241134,227.4442136790865,490.5779131299992
131.33055621901974,433.6757647876374,492.9705532552342
163.76073165989862,398.0458595462892,508.6704530013503
505.5341818484692,-81.9434331834317,509.2577730712904
-454.02132968368835,484.0767693545687,510.93875213528554
-266.6379815537359,361.1670864623022,511.4346183422662
163.16880035429688,398.4867402717981,511.68570458860427
325.5780629765128,379.5062966985745,512.058583728586
156.52472646250362,450.2421287691103,512.1025763999245
209.50995169853354,421.1850319982252,512.6020840670509
197.28740680511407,407.21562403185794,515.9212978574318
498.17021543819646,-119.87502352897246,517.9354725230339
-275.66996896633316,362.07188790328325,519.2205523963214
-455.7516108643428,483.1227327545396,519.2399158463963
-388.3300303257495,-505.37711882550207,521.5003764870049
405.4215447240973,-461.5936656655448,522.1411059484606
318.0856408495964,-268.6436440598411,522.2056697867283
-305.2195667685735,423.6553330668331,524.3938329439206
210.38009777326806,434.67595812280774,524.9291876848642
507.013808860316,-113.92919677490318,527.3732852987016
-324.7293112125958,388.5594833146623,528.092911719153
414.4382545625609,-201.03059191637226,528.651459291355
205.78739532162808,418.6808743052925,529.8171452276952
7.516919539643368,493.65025965086556,533.1837820161695
419.297693854607,246.58715592330293,535.030894646158
-247.29813599133877,404.68650380688257,542.4675235853233
-299.03563680278955,422.383983795881,543.0988071833067
499.49243709900816,320.8360844077125,545.5701268224062
-454.4266808666305,503.6532183390135,547.8102572497135
-438.3789639932521,203.8003438396679,548.4210332427479
204.89879877460726,422.3570930296363,548.6482836227578
324.27536254012136,395.5539142781025,550.3356495711648
20.610605043791566,493.65025965086556,553.4600340006394
311.28441026922405,363.20205727868665,554.7429427502702
-473.35619249075296,476.0277417511385,560.6316467048534
-439.8566095388903,-486.0664380508672,566.5432240361473
-434.6271262581937,194.5644079839817,568.6117895404816
-244.1651184662892,395.3635694872306,574.6952393661957
-314.3552100369101,384.7066537568078,584.9878237193253
194.59569229463307,440.65622795617185,587.9088030390166
158.13430929804326,437.65855966023844,587.9091098640882
484.37517979212566,324.0930615386569,588.2307696478713
-287.1673913651481,417.69108722894464,589.0850541581789
348.0907576687314,316.8250542900713,594.9181198222195
154.13522025770214,422.0582149643907,597.9937353279186
271.456207148213,346.4298709255015,604.7820505424107
-492.45449395397634,474.5575991793735,607.9087339044405
-247.01292574671413,390.2253112271824,607.96184193062
429.2721900638858,278.16384163407736,609.2543785207104
192.73880503004477,434.86541119845253,611.8859054394721
-252.1458606429552,397.16006952232624,616.8685610055887
-262.16837354116274,372.3159820611421,617.0487158665202
-309.27038103907785,411.7616116019551,617.3956007036215
192.21000222746386,426.2478686904185,619.5458225527815
378.67961433945015,302.4595019404509,619.5739984738748
-497.96399376075726,474.5575991793735,619.6729649072165
167.74537228160216,418.06890366659843,628.6345440802882
165.18598819356282,426.99945204241624,631.8648287762005
-500.1283664727983,171.64236120085297,634.3860622298581
174.39754281045987,429.4455944239868,642.3246025651785
-308.4850391588583,406.77375933266455,644.0193208793289
-269.0909492268555,378.84956810696417,669.9173886623225
307.9735521934956,373.08683060269163,670.0595093659001
303.17634354091695,367.37835866153443,676.5941805609496
-261.4893885749309,386.47930208923617,676.7440657976668
-297.6653895835933,385.97730347451443,676.8677343468992
290.1972961851643,357.33181352189774,677.4952521501434
-293.1512783040058,383.81863692212085,680.6298323491089
-266.00445827399517,387.4613200526202,691.4908709590693
-298.3427979300494,397.8280637580091,696.4047551274772
-269.1458213252213,394.668780470148,697.3409743887612
384.7976185297896,319.9453805171121,705.5345336749174
348.3307240448063,322.79803702241566,706.534842007049
-290.75487502040005,391.5856679029939,710.828008586949
352.0165993840843,330.18072924159185,712.7243162568263
-279.2488952601253,394.4897823611691,715.8745536056495
352.0165993840843,327.11400414217997,723.9569923036895
450.41041827260324,293.4745188160317,725.0870844663305
460.9802215366798,284.3940646599242,754.7628976993077
461.29887191265243,285.12575167087755,757.9385386046697
444.72298433861056,-463.1211574859709,795.5390231146364
460.62874006156994,-492.5524988135636,828.9770483804423
-456.4665293998778,-506.4491876069186,858.4699881249658
453.98026555476224,-473.0017625336536,872.403416158325
